,Year,Week,A1,A2,E1,E2,N1,N2,N3,S1,S2,S3,W1,W2,W3,Cleared Volume,MCV
0,2020,1,16911.93,33756.53,48253.47,51912.76,34120.12,48682.29,0.0,118862.33,8394.66,604.8,164894.79,70374.62,185102.58,781869.95,788121.16
1,2020,2,16678.16,35520.72,68177.88,57986.37,42388.81,75084.86,0.0,148760.74,19815.62,650.2,257190.84,87611.24,304985.01,1114849.33,1129493.91
2,2020,3,18848.19,23953.29,74396.13,39749.67,50518.35,90128.99,0.0,147718.97,22392.94,832.8,209441.27,90702.62,245815.56,1014497.72,1014497.72
3,2020,4,13864.97,30214.57,66323.83,74711.48,44585.04,156190.36,0.0,162732.93,32756.68,750.6,181776.78,133732.89,159148.69,1056787.47,1056787.45
4,2020,5,19588.03,27242.09,47763.37,83659.99,60050.33,154508.37,0.0,161117.18,26246.31,695.61,198066.16,132061.48,202806.64,1113804.41,1116246.21
5,2020,6,23137.29,29037.15,36828.86,99035.45,49004.01,86881.03,0.0,132990.61,19644.22,768.1,167439.49,161971.73,181720.33,988456.86,988456.89
6,2020,7,19602.25,27223.25,52706.9,116790.61,59939.3,99885.67,0.0,141880.63,41356.11,798.75,124309.12,176259.16,163002.57,1023752.92,1023752.92
7,2020,8,12535.4,21326.49,70729.31,135431.1,69683.31,135681.2,0.0,98390.99,55467.69,840.0,79079.01,204987.12,210107.71,1094257.93,1094257.97
8,2020,9,9756.75,24509.75,87406.57,79978.46,55055.4,123634.78,0.0,60436.27,20068.25,385.68,101327.69,163871.53,280885.38,1007315.19,1009346.54
9,2020,10,4772.5,24151.25,145612.54,100380.02,46381.5,147151.23,0.0,37988.39,13020.92,816.55,77309.38,86852.98,305118.11,989554.12,998863.79
10,2020,11,6063.06,35060.17,133202.65,81468.63,50527.2,188133.58,0.0,22263.02,4540.43,661.63,68509.15,27958.93,241532.83,859919.98,859919.98
11,2020,12,8527.5,30752.89,149845.58,128873.88,55808.48,181558.02,0.0,67341.79,9365.35,807.5,38243.56,69610.46,331165.89,1071899.56,1075497.37
12,2020,13,7968.0,30031.99,103987.65,83824.59,118529.45,145817.55,0.0,11881.08,4574.72,152.5,18674.03,99219.2,88715.72,713375.2,713992.67
13,2020,14,6827.8,36357.3,95003.35,67816.82,133192.3,248715.36,0.0,14745.91,9726.56,0.0,12893.53,176625.62,67715.28,869618.35,869618.35
14,2020,15,13059.37,58333.24,93226.41,71239.64,95367.77,185056.92,0.0,12499.0,9083.61,508.8,17368.77,108422.76,85711.45,749876.32,749876.3
15,2020,16,11478.0,56905.5,83342.35,109767.24,152517.71,172986.92,0.0,13859.95,14576.85,235.33,17985.72,157024.08,93144.49,883822.43,883822.43
16,2020,17,11432.77,63851.0,114625.9,220680.76,142369.17,153496.02,0.0,13168.63,8857.33,814.61,24651.62,65418.25,78676.44,898041.18,898041.19
17,2020,18,9960.73,42945.88,109739.45,246511.85,212285.34,154617.79,0.0,18513.24,9037.67,621.6,37305.44,32864.67,110174.2,984576.26,984576.23
18,2020,19,7067.62,28240.31,148583.47,310509.07,200330.89,172011.08,0.0,25104.65,20575.68,782.02,61098.6,74443.64,237184.78,1285930.39,1285930.37
19,2020,20,1553.75,24554.27,106150.15,236763.1,192689.02,110730.55,0.0,61846.94,15684.31,942.63,158137.07,108404.84,293055.43,1310510.68,1310510.69
20,2020,21,3844.47,51750.52,217161.31,146649.66,190843.6,40380.68,0.0,95735.01,16358.96,1537.12,146867.27,87355.75,203723.7,1202206.39,1202206.37
21,2020,22,9966.18,85562.57,227151.92,86790.42,255188.36,51393.86,0.0,107538.01,12655.96,1004.75,162345.55,101386.34,202260.01,1303242.3,1309063.89
22,2020,23,2847.69,58761.31,215704.15,69080.38,208477.8,74088.73,0.0,36072.7,4651.96,1782.94,72674.5,13775.61,72315.8,830232.12,830232.13
23,2020,24,2323.24,35072.5,220291.97,103262.2,232282.51,57299.52,0.0,39955.42,3839.15,2482.93,83465.04,50815.3,169314.18,1000402.4,1000402.39
24,2020,25,3206.69,50885.91,237265.97,43315.18,259445.37,39020.71,0.0,30003.76,3229.59,650.08,64194.04,50684.3,135551.36,917451.54,917451.54
25,2020,26,3524.16,63671.5,261079.22,99104.15,248428.64,78086.14,0.0,54499.45,3926.54,1753.36,102912.23,37477.87,142350.22,1096812.14,1096812.13
26,2020,27,3419.25,82136.47,230860.11,93185.15,221579.43,28989.25,0.0,70425.54,4486.13,719.64,141741.73,64866.31,144584.54,1086992.02,1086992.02
27,2020,28,4538.07,95237.94,247860.08,46169.01,230405.0,37667.57,0.0,53090.35,3073.81,859.2,76681.72,63730.36,57559.96,916871.93,916871.93
28,2020,29,13732.0,83801.6,254177.7,94563.6,229894.58,32818.31,2044.71,52931.89,3827.13,900.4,91395.51,79937.83,79434.35,1019458.66,1019458.66
29,2020,30,17333.23,68328.51,273423.72,73888.04,220759.74,51784.49,465.68,73777.5,2177.15,856.8,77274.98,73445.0,64890.52,998404.28,998404.28
30,2020,31,15102.63,65905.28,258296.31,160658.16,236594.72,53322.93,337.5,86090.7,2863.71,740.8,73046.52,65690.8,80532.56,1099181.55,1099181.53
31,2020,32,10582.02,41617.65,253602.55,81320.18,232485.58,30051.93,49.65,95478.66,3084.78,7055.84,98541.91,132090.03,109484.86,1095444.47,1095444.46
32,2020,33,14076.65,32615.48,230776.5,40828.31,226699.88,25726.67,350.0,61065.69,2591.39,1157.0,86762.01,86798.3,107633.49,917080.27,917080.27
33,2020,34,15394.81,32123.01,249708.49,84625.19,195242.77,36106.67,0.0,72461.76,2051.78,2226.51,82006.44,74321.69,98061.52,944329.35,944329.36
34,2020,35,14748.95,23797.01,267758.68,101257.47,193840.58,38429.55,533.25,104563.44,1900.76,837.6,118409.14,54337.16,135104.74,1055517.24,1055517.26
35,2020,36,10859.6,16335.62,241371.95,76379.43,193559.03,37248.0,2549.37,129713.24,2872.21,1530.96,159836.0,117579.15,188540.48,1178373.73,1178373.73
36,2020,37,13628.78,25257.66,217405.02,45878.12,170574.08,23274.32,232.19,117503.73,2520.87,1489.85,140769.14,152237.99,235178.13,1145948.51,1145948.5
37,2020,38,3872.23,42671.42,212669.32,60100.44,152819.96,17431.93,0.0,71851.0,1856.4,3362.87,140793.67,119489.17,192576.56,1019493.71,1019493.71
38,2020,39,2823.65,45040.55,263575.39,71165.9,130240.95,27459.3,0.0,92012.15,2802.87,3229.12,143142.68,103262.59,219691.84,1104445.51,1104445.54
39,2020,40,6605.35,37636.79,236804.92,61074.75,70401.4,29560.47,0.0,123355.46,2443.39,13229.79,152932.18,120191.34,208686.76,1062921.05,1062921.05
40,2020,41,6577.0,34680.22,224612.76,111883.1,68083.31,41867.88,0.0,138903.63,33472.04,4814.87,144519.29,168780.57,371140.94,1349334.12,1349334.1
41,2020,42,6841.75,30924.78,161391.61,130122.09,64266.64,40069.12,0.0,151136.35,64583.11,18768.71,185902.83,151058.51,367388.61,1372452.59,1372452.55
42,2020,43,5535.0,38775.59,133344.57,105833.71,59470.04,77974.29,0.0,153030.3,66937.73,9641.47,169808.2,116824.58,246282.07,1183455.88,1183455.85
43,2020,44,5004.5,56130.96,137728.71,101360.09,50537.51,84001.5,0.0,156287.1,41893.71,6863.02,171258.03,115686.8,263531.57,1190281.73,1192287.58
44,2020,45,3382.25,29877.66,170434.0,115456.76,47202.52,94933.85,0.0,122682.86,66243.41,1491.18,230686.08,81859.41,297788.86,1262037.78,1262037.8
45,2020,46,3997.12,30440.14,147327.47,102917.93,42254.15,74279.07,0.0,71718.77,41187.7,1442.05,166621.05,75053.6,339972.74,1097210.69,1097210.71
46,2020,47,2955.5,32195.26,117653.82,92146.28,36441.38,102990.46,0.0,88151.19,24831.8,2142.22,158668.37,57947.39,392982.95,1109105.67,1109105.68
47,2020,48,2933.75,29864.3,113244.75,89025.33,31843.93,124235.11,0.0,51113.9,41587.31,1966.71,170899.07,47926.39,370691.43,1075331.01,1075331.01
48,2020,49,3340.0,27229.45,198626.23,122657.76,36690.73,129932.09,50.0,95995.9,1510.51,3485.88,133102.4,33981.59,348651.24,1135252.67,1135252.68
49,2020,50,3266.5,28142.03,182891.34,135273.33,36765.56,154686.32,45.98,80983.96,3973.77,3525.64,131298.63,26453.8,359199.77,1146505.52,1146505.53
50,2020,51,3197.75,27011.36,223368.15,105249.79,29765.42,191743.76,0.0,83271.23,5561.41,5841.15,158227.9,33072.48,464167.69,1330477.29,1330297.99
51,2020,52,3159.75,23184.76,268792.05,169247.91,23882.97,200247.92,702.68,92464.81,13457.26,8402.23,119559.63,36691.19,374766.38,1334558.7,1334558.71
52,2020,53,1914.0,12096.98,120624.02,91200.56,12691.62,121958.75,5945.38,48279.87,3182.78,4905.75,101325.21,42803.5,250843.97,817771.95,817771.94
53,2021,1,5040.24,31084.93,249796.07,148377.92,33234.98,226826.36,1839.32,83790.42,4060.9,7037.11,136239.81,94856.22,236501.45,1258684.45,1258684.46
54,2021,2,5870.43,32226.25,204910.66,126079.94,34820.78,211063.98,0.0,102629.31,2900.61,8430.15,147182.63,90976.14,211752.75,1178842.43,1178842.42
55,2021,3,6404.08,30120.61,285991.06,172487.57,33856.27,241502.66,0.0,103028.15,17797.12,5499.48,157586.02,103791.12,168468.91,1326532.0,1326531.99
56,2021,4,6346.31,28334.86,221864.6,214322.96,32276.01,221154.3,357.42,115966.48,14612.77,5582.81,174866.58,107607.05,145321.54,1288612.56,1288612.56
57,2021,5,8004.82,30748.5,209989.73,217733.11,30653.54,239598.86,361.66,120976.97,17663.47,9116.12,121830.0,94507.9,135286.78,1236470.37,1236470.38
58,2021,6,8346.95,27345.42,192690.55,216267.5,25265.21,312484.86,4785.33,107382.7,3993.35,4110.96,150069.71,75167.14,221813.48,1349722.01,1349722.02
59,2021,7,8544.5,28079.38,173779.96,188064.76,30283.1,304735.08,2982.95,90415.3,6885.73,4646.01,152993.16,90604.55,156212.54,1238226.04,1238226.03
60,2021,8,8480.5,27630.32,313266.92,227088.13,24578.81,321264.5,2277.3,77310.84,8019.0,7317.77,62910.55,81523.14,138097.96,1299764.71,1299764.74
61,2021,9,9165.25,45617.81,205560.71,131330.0,32764.08,393241.92,5959.37,165221.75,38114.08,8367.24,94624.25,62569.51,167394.34,1359929.17,1358851.98
62,2021,10,10311.0,55275.87,200677.98,94340.36,21800.32,352303.06,11425.0,155173.79,17099.96,11093.44,259758.63,75392.95,184715.88,1449367.05,1450131.28
63,2021,11,6307.01,30776.68,219817.73,118601.71,14587.26,336217.94,4381.03,175102.72,21920.95,7908.8,293280.79,72613.47,194148.24,1495663.14,1496354.34
64,2021,12,2113.5,16883.55,125986.42,75050.6,48091.83,496360.36,8604.84,147714.87,8938.39,5258.62,350904.27,84642.56,238459.57,1609008.3,1623362.2
65,2021,13,6419.25,23562.29,127202.74,33454.55,72954.29,533009.03,5356.14,161049.57,40506.32,2908.29,250726.48,43895.99,168357.86,1469401.68,1490267.99
66,2021,14,4374.3,14602.65,106024.72,44587.3,66526.08,579391.99,2376.63,167866.21,42193.14,1909.56,279357.8,91671.47,137024.66,1537905.36,1537905.34
67,2021,15,612.25,11148.39,103233.08,52896.18,68178.75,464338.65,2054.1,166214.32,16314.67,2847.4,175244.71,30487.29,170649.89,1264218.41,1264218.4
68,2021,16,437.0,10512.7,121685.94,32122.15,78448.86,475012.72,245.92,144169.62,8798.88,8782.81,144433.39,38772.93,186750.63,1250172.31,1250172.32
69,2021,17,2532.0,6937.43,102049.86,37570.66,65584.12,268425.34,1459.79,197969.78,11718.69,10149.49,143489.64,32489.03,232670.55,1113045.13,1113049.14
70,2021,18,5542.5,17285.71,186130.2,66857.2,91840.62,206761.41,0.0,167917.89,8893.82,20481.58,79921.79,15584.95,213013.52,1080229.84,1080229.83
71,2021,19,5141.01,16713.25,137787.08,131754.12,108535.21,221558.24,0.0,106495.02,6875.61,28666.49,49995.83,12614.29,221628.29,1047763.17,1047763.18
72,2021,20,5765.2,13017.07,119881.17,41297.85,85670.51,271611.45,0.0,104485.46,6626.13,35145.07,57532.57,21451.54,107034.21,869517.08,869517.08
73,2021,21,6196.84,5010.77,219242.82,107774.05,88370.15,153615.81,53.76,104911.64,9611.21,39718.99,94093.67,31996.52,66503.64,927098.62,927098.62
74,2021,22,6722.55,21445.28,219075.45,47889.49,101715.58,219589.02,2524.58,110343.34,12301.99,41940.85,149953.13,48863.55,88230.35,1070594.07,1070594.07
75,2021,23,7558.96,62754.63,215991.85,47869.55,152346.63,102601.48,5.37,100983.41,9037.47,16315.05,109565.13,38546.75,101626.71,965201.71,965201.71
76,2021,24,7184.4,19128.06,270944.99,99728.76,145605.13,118537.08,0.0,92565.77,8190.21,34878.25,77459.31,30684.08,119734.61,1024639.36,1024639.36
77,2021,25,1609.0,16555.68,242718.18,75704.2,119163.15,121299.2,0.0,120701.21,9203.99,27314.66,98800.82,51269.67,103402.92,987741.43,987741.43
78,2021,26,2279.75,38798.17,200936.02,43486.71,143911.68,133365.42,0.0,105098.99,6993.8,27114.74,77769.36,62094.74,64697.44,906545.77,906545.77
79,2021,27,7782.75,57125.73,152531.9,87350.65,152381.21,124095.36,0.0,206233.04,6226.71,30741.19,104447.42,43227.32,134785.55,1106927.59,1115352.97
80,2021,28,7287.45,59691.25,80700.11,79519.13,193975.08,79206.48,0.0,234386.6,7399.48,39334.85,89033.05,56472.67,103545.03,1030550.01,1030910.74
81,2021,29,7329.02,66799.42,94589.83,42368.55,187539.41,64531.78,0.0,254424.23,4894.53,29390.46,56472.62,28108.53,50439.59,886887.05,886887.05
82,2021,30,10180.66,56553.35,115654.24,63380.54,198539.28,84341.26,0.0,116634.21,5510.73,32420.31,47163.58,8266.08,90287.75,828930.87,828930.87
83,2021,31,5906.74,58758.75,156789.19,92487.59,200287.74,154920.07,0.0,198048.5,4994.75,55231.56,108949.33,10076.48,150897.84,1197347.49,1197347.49
84,2021,32,5167.8,52959.2,142083.71,100075.22,176685.76,287527.24,7300.0,327634.69,3990.64,54507.87,68014.67,13938.82,199104.08,1438988.68,1438988.68
85,2021,33,6590.65,50386.83,164635.55,127888.12,162394.73,209915.44,0.0,504394.27,7159.46,64930.28,92626.39,64634.64,304346.61,1759901.85,1765812.31
86,2021,34,7153.22,45188.72,169811.53,119743.87,154662.78,258716.37,0.0,426298.9,9937.84,52077.89,77287.73,68664.95,242674.15,1632216.71,1632216.71
87,2021,35,7483.52,56800.17,181263.8,222416.79,126253.87,148840.2,0.0,616437.33,9084.37,26605.08,67611.05,36963.34,191239.9,1690998.16,1690998.16
88,2021,36,8929.99,50982.21,227320.75,197499.46,141032.73,109918.87,0.0,430185.28,6781.83,25012.28,35601.8,14863.14,187798.14,1435925.37,1435925.37
89,2021,37,8995.09,36480.84,255308.62,173207.12,168676.08,269419.28,534.53,219460.8,5836.35,23572.46,38157.67,10278.06,158526.14,1368451.87,1368451.87
90,2021,38,9612.35,21606.7,202798.2,167377.55,147946.81,442959.5,0.0,343566.97,6527.1,10726.57,39968.91,16460.66,158535.79,1568085.74,1568085.74
91,2021,39,10605.05,22409.6,254691.44,120550.45,123141.16,246379.14,0.0,515370.0,5596.68,30385.55,88391.56,34471.68,113238.08,1565229.01,1565229.01
92,2021,40,11909.25,48576.96,183961.41,80078.4,113021.52,121396.89,0.0,524338.71,10428.1,25669.24,211343.41,138222.39,305129.28,1774074.26,1774074.26
93,2021,41,15875.02,19132.95,201003.75,99088.49,84170.78,124869.03,0.0,579164.98,30854.52,26059.76,185647.75,113371.09,274060.65,1753297.46,1753297.46
94,2021,42,9151.08,23913.12,286382.68,119961.39,71096.81,119091.8,0.0,173096.18,13311.69,41443.75,116819.24,16600.42,269627.78,1260494.58,1260494.58
95,2021,43,9156.27,22422.34,358277.15,72754.68,60187.26,54177.17,0.0,136671.9,6463.61,41300.22,119442.98,8947.89,191138.39,1080938.54,1080938.54
96,2021,44,5960.59,33372.45,448669.52,42815.18,75816.58,55924.59,0.0,110781.82,3553.81,36849.82,85071.46,11568.17,109634.46,1020017.02,1020017.02
97,2021,45,5850.22,29216.82,489944.18,83697.64,47952.25,60717.78,0.0,66104.81,1304.71,55919.7,54383.59,14755.6,154796.31,1064642.25,1064642.25
98,2021,46,7246.14,40053.28,493766.58,125394.9,43418.31,51985.34,0.0,43998.8,712.54,67049.76,49636.92,15207.65,155532.91,1094001.57,1094001.57
99,2021,47,8825.59,40700.17,487474.11,91417.72,41408.05,60546.02,330.51,65230.14,1353.7,65337.33,94484.4,20626.58,220579.55,1198312.48,1198312.48
100,2021,48,5857.53,41271.88,448451.77,43729.72,35308.44,110581.57,0.0,79887.01,6614.89,56107.06,121344.75,18478.16,213863.89,1181495.22,1181495.22
101,2021,49,7999.07,35383.12,526257.75,34171.05,33324.8,145646.87,0.0,101084.1,11043.85,32525.46,125759.39,25726.2,240657.27,1319577.49,1319577.49
102,2021,50,6651.58,38254.32,463800.84,27651.66,28083.19,144741.66,0.0,104219.33,11150.17,11160.61,132149.84,17006.35,221943.17,1206811.2,1206811.2
103,2021,51,3023.21,32219.39,469604.79,29981.16,27209.52,187316.23,0.0,79316.14,13090.84,12941.56,120629.24,22050.4,204526.61,1201907.84,1201907.84
104,2021,52,1277.81,11839.99,320813.26,14665.7,20651.84,150460.35,0.0,52277.82,10057.93,11153.48,84999.37,10831.68,166650.24,855678.41,855678.41
105,2021,53,1307.5,13457.44,101382.56,50413.41,18523.15,100759.7,514.28,42412.73,3447.37,2981.11,56952.47,40259.67,98982.64,531393.58,531393.58
106,2022,1,7438.81,17124.18,399223.9,11412.83,35720.12,286014.21,0.0,148818.52,12053.68,16385.54,129127.83,13216.53,175302.25,1251837.16,1251837.16
107,2022,2,11539.4,15461.65,389909.0,21650.97,25953.78,213987.46,0.0,82172.58,9018.28,17853.71,130216.0,11721.78,214283.77,1143767.19,1217161.87
108,2022,3,13419.83,14985.66,335874.5,43993.3,31668.81,236690.9,0.0,70981.23,13474.43,32244.55,153177.2,11946.81,232055.7,1190511.79,1190511.79
109,2022,4,7717.6,23132.4,371501.24,78284.33,35031.86,244258.45,0.0,59610.76,5792.5,24001.03,92401.29,16387.33,197401.68,1155519.2,1155519.2
110,2022,5,13224.04,30190.1,375578.73,74748.78,27178.51,330786.82,415.75,92275.94,5922.78,13791.02,154999.05,21518.97,236514.95,1377144.52,1377144.52
111,2022,6,13133.45,46808.4,466119.26,55027.43,26389.29,255086.8,194.16,76973.91,5523.54,14555.82,112716.74,20886.83,297686.67,1391101.03,1391101.03
112,2022,7,11520.43,45071.9,412668.72,48737.62,25705.81,266461.52,442.73,77445.54,6904.91,12510.56,130046.14,14670.9,302284.99,1354470.45,1354470.45
113,2022,8,9546.75,40730.15,390295.47,57872.28,25353.8,361735.72,50.0,89417.35,9752.1,6973.53,164225.97,10727.37,305057.27,1471736.69,1471736.69
114,2022,9,10847.25,39276.66,408446.87,78472.05,27904.26,403293.83,2051.25,52139.36,11688.58,8090.69,145482.7,6418.64,157788.59,1351899.61,1351899.61
115,2022,10,12597.05,24513.68,357892.28,121960.74,30438.36,524052.27,1758.15,83070.58,13312.35,20965.74,194188.89,9265.04,166585.3,1560599.3,1560599.3
116,2022,11,10721.85,12754.52,182624.03,129698.42,54721.89,332142.54,115.35,96220.34,9462.97,15482.34,191828.04,21864.65,224515.79,1282151.39,1282151.39
117,2022,12,8910.45,14572.28,85682.76,119612.24,55085.08,209449.92,222.71,157972.71,11595.85,17401.16,155933.65,46868.26,300040.38,1183346.32,1183346.32
118,2022,13,10541.54,30230.03,94566.99,96150.34,62631.43,316574.82,0.0,133541.28,11277.53,13150.58,145937.95,38148.28,275446.68,1228196.09,1228196.09
119,2022,14,10618.75,37936.24,87507.1,84719.3,84159.62,389310.45,0.0,132283.88,10117.35,10541.91,98475.13,30036.81,270068.67,1245773.97,1246361.73
120,2022,15,6907.85,15447.7,43547.17,74301.54,73974.9,316291.99,0.0,154353.38,15433.85,27356.98,118392.25,26025.89,233289.57,1105321.73,1105421.73
121,2022,16,5582.05,10468.25,25330.73,72785.13,50871.69,174196.16,0.0,134829.02,23692.35,10135.83,95878.79,29039.87,198767.69,831576.78,831576.78
122,2022,17,5293.2,6702.75,16697.57,77612.1,41596.85,50814.07,0.0,81239.6,22379.75,4408.0,40204.6,32140.15,82528.56,461616.52,461616.52
123,2022,18,2234.64,5400.34,82398.38,70459.69,62603.48,88372.79,0.0,165743.9,23907.6,2124.13,38624.69,26299.46,59715.62,627883.76,627883.76
124,2022,19,4279.59,16339.3,37824.83,55727.5,82213.03,66021.34,0.0,240130.81,10656.12,9657.02,85023.82,21612.97,115961.88,745446.86,745446.86
125,2022,20,9703.31,90250.76,71788.02,38209.66,84058.67,42428.66,0.0,135511.33,13494.4,29709.0,88647.77,33951.84,126299.37,764051.34,764051.34
126,2022,21,5037.27,45734.0,84060.87,43813.15,50415.91,62878.58,0.0,103531.44,8068.46,19644.63,118775.49,37336.35,160434.59,739729.27,739729.27
127,2022,22,3475.0,24068.51,67871.33,46422.46,47785.22,61189.4,0.0,186992.72,32605.48,21904.01,154784.06,56881.09,215106.12,919084.09,919084.09
128,2022,23,3154.25,35031.92,150225.37,40766.61,34349.57,47457.48,600.0,274362.54,24612.33,11352.67,115388.46,89117.31,215205.46,1041622.65,1041622.65
129,2022,24,4841.56,79376.28,133583.56,28485.53,25526.89,92917.26,0.0,72278.99,22841.66,3801.48,137368.48,72297.85,230681.5,903999.96,903999.96
130,2022,25,7650.4,79140.2,198533.52,11197.55,18973.59,197860.26,0.0,52619.93,8738.02,664.55,168677.92,22075.0,154591.45,920721.55,920721.55
131,2022,26,7057.15,56482.8,173324.37,18316.18,48251.48,120700.73,6770.89,43437.92,15860.08,5059.65,134452.84,27399.51,207359.21,864471.63,864471.63
132,2022,27,5862.03,33332.0,115250.81,7424.18,55367.14,63340.35,15413.41,80169.49,11635.59,27203.23,121646.69,23950.89,169773.67,730368.24,730368.24
133,2022,28,9875.63,39492.0,112565.66,11440.12,61269.02,72871.29,5449.41,151537.2,9668.13,40849.88,43217.14,24338.76,122440.87,705013.97,705013.97
134,2022,29,12007.83,31038.5,102875.8,9697.64,65453.09,171832.27,16657.47,86398.5,14257.12,55160.75,135690.29,12968.87,105902.25,819939.24,819939.24
135,2022,30,13847.1,48533.75,146998.2,12502.35,56337.45,287147.31,27935.49,41957.36,17237.79,43838.84,140354.18,13332.26,68376.74,918397.56,918397.56
136,2022,31,12706.0,48106.5,151097.56,42118.98,72239.41,122923.31,39331.9,145935.18,15354.14,65735.5,61068.5,17870.82,55264.2,849750.7,849750.7
137,2022,32,10517.83,37951.73,115270.63,20804.8,77082.18,52841.05,13759.69,206327.73,9029.27,48187.24,37445.38,6217.06,34340.42,669773.78,669773.78
138,2022,33,7629.32,36766.75,124559.79,13644.25,97075.35,133959.81,1730.63,125957.84,9975.84,48574.03,48004.97,8599.63,50723.37,707200.08,707200.08
139,2022,34,7140.25,35156.42,99780.47,27707.31,72636.69,145405.71,14451.43,139737.03,20026.55,73861.09,135581.65,19027.59,76717.04,867227.83,867227.83
140,2022,35,12618.89,24613.61,139450.32,55211.04,68291.19,69235.74,10270.37,237470.63,32984.36,82772.27,99682.07,28709.33,131351.55,992660.1,992660.1
141,2022,36,13241.42,8877.16,205786.91,65279.01,63341.68,43630.09,0.0,324896.49,48941.33,81536.15,72518.67,37300.77,172883.55,1138231.84,1138231.84
142,2022,37,13543.81,22650.23,273426.36,44076.08,72570.63,89433.63,125.0,255698.61,6374.02,51156.55,23414.1,24098.09,46810.07,923375.68,923375.68
143,2022,38,10796.82,14535.05,201829.84,26495.98,85873.62,192481.96,75.0,129672.36,6839.17,31591.89,41587.83,30988.31,52063.22,824829.73,824829.73
144,2022,39,15796.0,21468.11,170025.05,32093.98,102277.83,186387.79,2240.9,138419.33,4350.3,20348.14,56766.15,23463.61,77109.99,850745.6,850745.6
145,2022,40,13343.48,31536.95,347549.0,57328.59,65236.01,176174.81,2050.0,117422.76,3685.03,8830.56,54943.16,16260.32,97960.68,992319.82,992319.82
146,2022,41,12240.38,30760.59,184282.6,30314.38,81098.23,194794.0,200.0,160147.63,3060.29,3138.07,118646.3,13600.68,90828.98,923110.85,923110.85
147,2022,42,11132.05,14542.16,230034.92,18881.32,49427.02,157786.1,877.02,320067.07,2687.21,9085.71,107652.2,12585.59,85528.16,1020285.26,1020285.26
148,2022,43,11282.42,39527.92,263465.8,28137.23,80767.69,226202.08,1756.55,148672.59,1939.42,10495.41,41648.28,9786.28,113895.25,977575.58,977575.58
149,2022,44,5741.5,18117.21,316572.86,26883.25,55420.86,284260.74,741.44,202021.38,2387.35,3341.49,51984.68,21937.04,171515.64,1160924.15,1160924.15
150,2022,45,6900.5,9465.14,399395.83,27787.78,39167.69,305139.89,842.65,95255.11,2548.75,1927.05,43646.75,14675.41,263036.15,1209787.16,1209787.16
151,2022,46,5429.25,9315.56,463489.64,31581.66,37529.22,328504.35,425.0,67313.07,2837.69,1192.76,24605.35,19980.72,204523.23,1196726.21,1196726.21
152,2022,47,5116.0,7700.27,436027.0,71939.56,36394.12,172303.83,522.04,97587.1,4686.55,649.7,35980.84,34709.19,230519.27,1134133.98,1134133.98
153,2022,48,3549.0,11982.12,369111.02,78560.75,35213.35,307762.32,541.68,64483.84,4106.75,1067.9,78273.04,20738.6,250254.89,1225643.73,1225643.73
154,2022,49,9547.0,21930.65,391746.46,45841.84,19060.39,234960.13,300.0,57530.38,5832.5,1933.54,82388.3,44548.83,217116.44,1132735.08,1132735.08
155,2022,50,4102.0,19279.53,308681.09,65575.54,18621.02,230540.67,200.0,85118.91,19356.73,3924.03,91518.66,22745.34,177628.01,1047289.9,1047289.9
156,2022,51,6393.0,23595.74,310311.28,64997.6,16343.09,227856.47,262.5,75040.64,6968.66,7382.69,115667.4,29938.93,243951.13,1128707.46,1128707.46
157,2022,52,13800.85,29710.91,433372.55,63518.49,22082.42,229603.32,150.0,102727.43,10494.04,12958.21,137832.05,54625.16,233521.83,1344395.43,1344395.43
158,2023,1,13312.25,27058.72,323448.92,80979.42,13238.7,182435.24,0.0,110192.86,13471.65,6568.01,140234.16,61841.18,222825.31,1195604.81,1195604.81
159,2023,2,8660.75,20063.47,245457.81,72739.06,10848.92,170241.71,0.0,86601.17,28288.16,3962.5,118481.2,63185.25,216335.5,1044863.62,1044863.62
160,2023,3,11732.5,15652.29,275647.02,76476.53,11985.32,212294.01,0.0,80724.69,22210.74,8544.66,64592.25,68136.15,233062.41,1081056.8,1081056.8
161,2023,4,11956.75,15008.53,294442.01,64023.8,11227.04,372546.54,0.0,34923.87,6326.7,6953.19,68481.67,57457.71,161072.99,1104419.34,1104419.34
162,2023,5,13034.75,18834.09,306966.87,22708.77,19534.5,368583.94,0.0,34715.81,6450.95,10486.21,97071.11,37408.44,141819.68,1077613.46,1077613.46
163,2023,6,12044.0,17188.6,296624.32,59077.52,25568.06,318858.97,0.0,42218.64,7338.59,13587.79,103333.55,27709.38,224797.49,1148345.11,1148345.11
164,2023,7,10258.25,13412.14,312203.15,76233.3,29140.53,413949.12,0.0,61753.32,16534.52,19765.92,82411.58,29555.25,223274.84,1288490.01,1288490.01
165,2023,8,9871.0,17180.52,244369.26,68592.62,33760.69,261217.92,0.0,71514.18,36850.93,4987.51,127233.72,58180.01,217033.69,1150789.87,1150789.87
166,2023,9,11786.5,15722.62,200596.28,63386.09,46460.86,203578.12,4637.45,96346.36,45732.56,21271.98,92090.68,73174.89,208314.42,1083096.92,1083096.92
167,2023,10,9179.25,13462.18,201750.14,55470.42,44189.95,306052.38,1143.03,52306.71,18042.58,24119.31,62423.51,72857.86,230736.31,1091731.84,1091731.84
168,2023,11,6552.25,13089.89,127838.97,44012.33,35471.09,394523.63,1070.74,46829.72,15432.09,11070.02,90397.4,24973.34,223349.28,1034609.08,1034609.08
169,2023,12,5173.5,14584.53,189051.66,47996.83,35229.13,431574.75,108.0,25349.98,17171.89,2850.46,59491.21,31540.49,147601.25,1007721.96,1007721.96
170,2023,13,2474.25,12499.3,226905.07,33369.18,55351.13,439906.22,45.12,40480.91,21045.5,4832.06,96057.64,49839.98,163935.69,1146740.45,1146740.45
171,2023,14,8017.0,27492.26,191681.37,25390.0,94796.93,356938.13,0.0,43257.26,10531.12,12911.95,86153.89,52259.52,230169.81,1139597.6,1139767.17
172,2023,15,4720.0,15611.94,142729.05,18120.62,73374.99,411090.26,43.2,82492.78,28610.1,11268.04,102395.4,50251.94,198127.53,1138834.09,1138834.09
173,2023,16,3811.73,11599.14,71102.8,13320.79,90159.46,227959.62,0.0,36264.71,29274.44,672.0,89624.46,146478.58,199474.79,919740.84,966083.25
174,2023,17,4838.34,12735.22,91721.59,8784.01,92736.47,195365.55,0.0,51677.31,11440.74,974.4,85609.5,23182.04,310825.58,889889.26,899879.07
175,2023,18,3467.88,9578.18,101667.37,14483.04,67340.38,167219.66,0.0,47697.06,16027.6,974.4,87590.37,14000.86,300625.12,830670.28,830670.28
176,2023,19,4777.02,3643.49,69032.28,23648.16,36560.99,175234.98,22438.97,114754.88,23327.01,468.91,115491.02,35680.98,339286.17,964343.43,963930.45
177,2023,20,4889.29,11088.65,65905.6,19676.08,41211.13,128586.96,36258.37,59980.27,25072.58,974.4,130474.52,40441.79,351872.4,916430.5,916430.5
178,2023,21,4110.93,8804.16,112054.96,18147.78,95975.39,168317.65,624.83,50986.97,29171.46,626.4,92555.69,52932.46,272775.63,907082.52,907082.52
179,2023,22,2650.5,2275.96,12379.59,32373.86,133126.06,301830.26,117230.8,48573.58,24754.55,520.8,109208.52,21096.0,218609.62,1024628.67,1024628.67
180,2023,23,1455.75,1351.34,60201.47,48226.94,93528.79,192512.94,75189.79,77305.75,26847.76,722.4,104089.75,27957.09,244630.45,954018.58,954018.58
181,2023,24,4599.8,31376.03,115256.99,49096.09,78333.34,112311.34,20599.24,62882.26,31219.6,722.4,110047.49,39768.12,209316.28,865527.42,865527.42
182,2023,25,5622.2,47612.34,126937.59,50620.86,120880.23,272995.7,0.0,52491.24,20745.09,722.4,107310.97,27984.67,183496.01,1017417.73,1018057.92
183,2023,26,2112.5,3362.45,188351.88,38873.03,219131.21,129309.96,0.0,58021.35,12068.34,722.4,104197.14,14077.3,146185.57,916411.65,916411.65
184,2023,27,2735.25,3747.84,167839.13,56257.9,185923.31,173364.32,0.0,55908.7,14710.85,722.4,73522.94,21979.27,112272.28,868982.66,868982.66
185,2023,28,5014.5,10036.93,141617.9,47807.46,171739.99,249941.43,5500.15,45764.83,18632.15,520.8,130800.9,31483.94,107173.36,966033.0,966033.0
186,2023,29,4074.42,13577.23,157174.89,24598.77,138713.59,115831.2,14962.3,80263.65,16347.16,554.4,159778.95,47676.52,161717.61,935269.35,935269.35
187,2023,30,5095.55,10156.73,144100.2,11673.03,126900.02,76522.39,13876.83,95778.07,14893.01,643.2,98647.54,54089.95,145905.29,798280.48,798280.48
188,2023,31,7530.8,7283.92,123388.07,6770.9,150234.87,116828.31,36960.9,66450.44,22095.71,487.2,102713.84,45706.27,224933.95,911383.73,911383.73
189,2023,32,5710.95,10110.38,148025.9,12970.26,108060.98,246257.22,29527.48,44067.69,23595.37,487.2,147986.21,58613.75,131065.88,966477.76,966477.76
190,2023,33,6247.93,17131.49,123231.54,15233.15,95935.43,275322.12,19103.09,54130.56,30064.23,520.8,97806.3,72944.99,108222.93,915893.08,915893.08
191,2023,34,4832.02,26328.65,147431.75,11419.18,50636.82,183869.33,19909.35,41540.74,27804.8,487.2,67342.31,67159.54,133838.28,782598.43,782598.43
192,2023,35,10114.67,17341.66,119269.24,18552.81,28363.24,140392.61,14315.31,38354.4,45677.92,760.8,41126.71,55861.35,116734.07,646863.41,646863.41
193,2023,36,8994.34,6963.25,139706.45,33958.68,28965.21,123100.45,0.0,105979.46,48448.52,1020.0,38950.98,57386.83,178602.79,772075.72,772075.72
194,2023,37,7232.55,6024.89,79281.23,43217.23,42046.93,138897.33,0.0,34089.94,71433.47,576.0,115752.13,37694.95,174404.86,750650.32,750650.32
195,2023,38,1592.35,6008.57,105687.84,53967.7,132081.12,134734.64,2637.73,23720.03,32493.19,806.4,182348.23,34788.25,190007.82,900872.26,900872.26
196,2023,39,1783.5,8165.29,109227.14,45185.27,86676.06,153208.2,22421.08,41728.39,48944.67,696.0,119674.96,37920.15,223873.32,899502.66,899502.66
197,2023,40,5852.49,25182.93,186086.56,36394.21,57770.46,162052.45,450.0,77388.97,49734.83,662.4,192365.71,110558.54,381387.28,1285885.12,1285950.01
198,2023,41,9310.97,43901.09,83432.94,37781.96,54589.29,109274.47,2200.0,46106.74,54314.91,228.0,153266.91,62880.1,219247.8,876533.75,876533.75
199,2023,42,6407.98,36261.41,99320.25,40929.22,45080.64,277378.35,70832.62,31732.6,39681.25,276.0,125023.08,44592.37,223698.84,1041212.94,1041479.28
200,2023,43,7906.77,21289.62,176424.95,112936.21,66873.46,233392.46,18745.18,39046.96,15405.61,942.7,67454.39,17915.7,239121.56,1017454.04,1017454.04
201,2023,44,8452.18,8730.35,193724.09,130061.84,50238.68,249780.22,14884.8,49341.7,38609.56,1255.2,132889.69,44171.22,384540.84,1306678.8,1306678.8
202,2023,45,7271.38,3474.75,221920.16,101316.71,61079.24,156283.93,10600.0,28431.95,19279.27,1075.2,91207.26,33938.3,444124.77,1180001.38,1180001.38
203,2023,46,6486.57,557.97,235148.26,79516.6,71724.24,149008.98,421.62,12205.28,12885.08,655.2,39854.12,17407.35,456018.98,1081888.87,1081888.87
204,2023,47,7189.5,2511.68,235306.83,88892.06,56209.83,229296.3,951.26,27524.22,20676.64,537.6,77920.29,56815.67,545609.88,1349440.11,1349440.11
205,2023,48,4577.18,2914.13,80169.43,137048.6,47513.84,159852.63,227.93,26469.49,17068.34,417.6,179920.38,28213.06,364281.09,1048672.37,1048672.37
206,2023,49,2989.25,1604.62,46530.8,150944.05,43942.68,119345.26,0.0,31532.01,14457.45,302.4,311063.74,24054.37,288337.85,1035103.09,1035103.09
207,2023,50,2256.25,2722.51,76019.21,85209.71,47038.81,223724.46,858.83,26355.28,21462.39,374.4,207342.95,22120.09,411735.96,1127219.34,1127219.34
208,2023,51,1648.15,2197.97,51152.24,136820.58,44602.43,160806.39,0.0,28714.46,21360.84,655.2,162964.95,85495.64,369652.7,1066070.02,1066070.02
209,2023,52,4564.83,5330.33,128886.9,81818.02,54742.42,295964.79,37.5,43913.27,30159.89,3849.69,115558.29,107908.69,408774.56,1281507.36,1281507.36
